TRUNCATE TABLE mobile_recharge, bill_payment, transaction_notification, notification,
"transaction", debit_cards, rank_of_users,
rank, wallet, "user", admin, merchant, telecom_service, revenue,
promotion, person RESTART IDENTITY CASCADE;

ALTER TABLE "transaction"   DISABLE TRIGGER ALL;
ALTER TABLE bill_payment     DISABLE TRIGGER ALL;
ALTER TABLE mobile_recharge  DISABLE TRIGGER ALL;
ALTER TABLE debit_cards      DISABLE TRIGGER ALL;
ALTER TABLE promotion        DISABLE TRIGGER ALL;


INSERT INTO person (email, name, phone_number, password, cnic, person_type) VALUES

('admin.main@easypaisa.com',      'Admin Main',           '03001111111', 'adminpass123',  '3520199999991', 'admin'),

('merchant.foodpanda@fp.com',     'FoodPanda PK',         '03002222221', 'merchantpass1', '3520188888881', 'merchant'),
('merchant.daraz@drz.com',        'Daraz Pakistan',       '03002222222', 'merchantpass2', '3520188888882', 'merchant'),
('merchant.kfc@kfc.com',          'KFC Pakistan',         '03002222223', 'merchantpass3', '3520188888883', 'merchant'),
('merchant.pso@pso.com',          'PSO Petrol',           '03002222224', 'merchantpass4', '3520188888884', 'merchant'),
('merchant.careem@car.com',       'Careem Pakistan',      '03002222225', 'merchantpass5', '3520188888885', 'merchant'),
('merchant.goto@goto.com',        'Goto Pakistan',        '03002222226', 'merchantpass6', '3520188888886', 'merchant'),
('merchant.uber@uber.com',        'Uber Pakistan',        '03002222227', 'merchantpass7', '3520188888887', 'merchant'),
('merchant.mcdonalds@mcd.com',    'McDonalds Pakistan',   '03002222228', 'merchantpass8', '3520188888888', 'merchant'),
('merchant.pizzahut@ph.com',      'Pizza Hut Pakistan',   '03002222229', 'merchantpass9', '3520188888889', 'merchant'),
('merchant.alibaba@ali.com',      'Alibaba Pakistan',     '03002222230', 'merchantpass10','3520188888890', 'merchant'),
('merchant.metro@metro.com',      'Metro Cash Carry',     '03002222231', 'merchantpass11','3520188888891', 'merchant'),
('merchant.imtiaz@im.com',        'Imtiaz Superstore',    '03002222232', 'merchantpass12','3520188888892', 'merchant'),
('merchant.chase@chase.com',      'Chase Up Store',       '03002222233', 'merchantpass13','3520188888893', 'merchant'),
('merchant.limelight@ll.com',     'Limelight Fashion',    '03002222234', 'merchantpass14','3520188888894', 'merchant'),

('ali.hassan@gmail.com',          'Ali Hassan',           '03001234567', 'password123',   '3520112345671', 'user'),
('sara.khan@gmail.com',           'Sara Khan',            '03011234567', 'password123',   '3520112345672', 'user'),
('ahmed.raza@gmail.com',          'Ahmed Raza',           '03021234567', 'password123',   '3520112345673', 'user'),
('fatima.malik@gmail.com',        'Fatima Malik',         '03031234567', 'password123',   '3520112345674', 'user'),
('usman.ali@gmail.com',           'Usman Ali',            '03041234567', 'password123',   '3520112345675', 'user'),
('ayesha.siddiqui@gmail.com',     'Ayesha Siddiqui',      '03051234567', 'password123',   '3520112345676', 'user'),
('bilal.ahmed@gmail.com',         'Bilal Ahmed',          '03061234567', 'password123',   '3520112345677', 'user'),
('zainab.hussain@gmail.com',      'Zainab Hussain',       '03071234567', 'password123',   '3520112345678', 'user'),
('hamza.tariq@gmail.com',         'Hamza Tariq',          '03081234567', 'password123',   '3520112345679', 'user'),
('sana.mirza@gmail.com',          'Sana Mirza',           '03091234567', 'password123',   '3520112345680', 'user'),
('omar.farooq@gmail.com',         'Omar Farooq',          '03001234568', 'password123',   '3520112345681', 'user'),
('hina.baig@gmail.com',           'Hina Baig',            '03011234568', 'password123',   '3520112345682', 'user'),
('danish.iqbal@gmail.com',        'Danish Iqbal',         '03021234568', 'password123',   '3520112345683', 'user'),
('nadia.shah@gmail.com',          'Nadia Shah',           '03031234568', 'password123',   '3520112345684', 'user'),
('kashif.mehmood@gmail.com',      'Kashif Mehmood',       '03041234568', 'password123',   '3520112345685', 'user'),
('rabia.nawaz@gmail.com',         'Rabia Nawaz',          '03051234568', 'password123',   '3520112345686', 'user'),
('tariq.jameel@gmail.com',        'Tariq Jameel',         '03061234568', 'password123',   '3520112345687', 'user'),
('amna.yousaf@gmail.com',         'Amna Yousaf',          '03071234568', 'password123',   '3520112345688', 'user'),
('faisal.chaudhry@gmail.com',     'Faisal Chaudhry',      '03081234568', 'password123',   '3520112345689', 'user'),
('maria.saleem@gmail.com',        'Maria Saleem',         '03091234568', 'password123',   '3520112345690', 'user'),
('asad.butt@gmail.com',           'Asad Butt',            '03001234569', 'password123',   '3520112345691', 'user'),
('sumera.noor@gmail.com',         'Sumera Noor',          '03011234569', 'password123',   '3520112345692', 'user'),
('imran.ashraf@gmail.com',        'Imran Ashraf',         '03021234569', 'password123',   '3520112345693', 'user'),
('lubna.aziz@gmail.com',          'Lubna Aziz',           '03031234569', 'password123',   '3520112345694', 'user'),
('waseem.tariq@gmail.com',        'Waseem Tariq',         '03041234569', 'password123',   '3520112345695', 'user'),
('shazia.rani@gmail.com',         'Shazia Rani',          '03051234569', 'password123',   '3520112345696', 'user'),
('kamran.sajid@gmail.com',        'Kamran Sajid',         '03061234569', 'password123',   '3520112345697', 'user'),
('tahira.bano@gmail.com',         'Tahira Bano',          '03071234569', 'password123',   '3520112345698', 'user'),
('naveed.akhtar@gmail.com',       'Naveed Akhtar',        '03081234569', 'password123',   '3520112345699', 'user'),
('farah.naz@gmail.com',           'Farah Naz',            '03091234569', 'password123',   '3520112345700', 'user'),
('shahid.mehmood@gmail.com',      'Shahid Mehmood',       '03001234570', 'password123',   '3520112345701', 'user'),
('mehwish.hayat@gmail.com',       'Mehwish Hayat',        '03011234570', 'password123',   '3520112345702', 'user'),
('junaid.ali@gmail.com',          'Junaid Ali',           '03021234570', 'password123',   '3520112345703', 'user'),
('bushra.ansari@gmail.com',       'Bushra Ansari',        '03031234570', 'password123',   '3520112345704', 'user'),
('adnan.malik@gmail.com',         'Adnan Malik',          '03041234570', 'password123',   '3520112345705', 'user'),
('resham.ali@gmail.com',          'Resham Ali',           '03051234570', 'password123',   '3520112345706', 'user'),
('mohsin.abbas@gmail.com',        'Mohsin Abbas',         '03061234570', 'password123',   '3520112345707', 'user'),
('sanam.jung@gmail.com',          'Sanam Jung',           '03071234570', 'password123',   '3520112345708', 'user'),
('fawad.khan@gmail.com',          'Fawad Khan',           '03081234570', 'password123',   '3520112345709', 'user'),
('mawra.hocane@gmail.com',        'Mawra Hocane',         '03091234570', 'password123',   '3520112345710', 'user'),
('hamid.mir@gmail.com',           'Hamid Mir',            '03001234571', 'password123',   '3520112345711', 'user'),
('nida.yasir@gmail.com',          'Nida Yasir',           '03011234571', 'password123',   '3520112345712', 'user'),
('mubasher.ahmed@gmail.com',      'Mubasher Ahmed',       '03021234571', 'password123',   '3520112345713', 'user'),
('mahnoor.baloch@gmail.com',      'Mahnoor Baloch',       '03031234571', 'password123',   '3520112345714', 'user'),
('shoaib.qureshi@gmail.com',      'Shoaib Qureshi',       '03041234571', 'password123',   '3520112345715', 'user'),
('veena.malik@gmail.com',         'Veena Malik',          '03051234571', 'password123',   '3520112345716', 'user'),
('wasim.baig@gmail.com',          'Wasim Baig',           '03061234571', 'password123',   '3520112345717', 'user'),
('reham.khan@gmail.com',          'Reham Khan',           '03071234571', 'password123',   '3520112345718', 'user'),
('javed.sheikh@gmail.com',        'Javed Sheikh',         '03081234571', 'password123',   '3520112345719', 'user'),
('aiman.zaman@gmail.com',         'Aiman Zaman',          '03091234571', 'password123',   '3520112345720', 'user'),
('zahid.ahmed@gmail.com',         'Zahid Ahmed',          '03001234572', 'password123',   '3520112345721', 'user'),
('iqra.aziz@gmail.com',           'Iqra Aziz',            '03011234572', 'password123',   '3520112345722', 'user'),
('babar.sultan@gmail.com',        'Babar Sultan',         '03021234572', 'password123',   '3520112345723', 'user'),
('hania.amir@gmail.com',          'Hania Amir',           '03031234572', 'password123',   '3520112345724', 'user'),
('shaheen.raza@gmail.com',        'Shaheen Raza',         '03041234572', 'password123',   '3520112345725', 'user'),
('yumna.zaidi@gmail.com',         'Yumna Zaidi',          '03051234572', 'password123',   '3520112345726', 'user'),
('naseem.uddin@gmail.com',        'Naseem Uddin',         '03061234572', 'password123',   '3520112345727', 'user'),
('sajal.ali@gmail.com',           'Sajal Ali',            '03071234572', 'password123',   '3520112345728', 'user'),
('fakhar.ud.din@gmail.com',       'Fakhar ud Din',        '03081234572', 'password123',   '3520112345729', 'user'),
('mahira.khan@gmail.com',         'Mahira Khan',          '03091234572', 'password123',   '3520112345730', 'user'),
('rizwan.ahmed@gmail.com',        'Rizwan Ahmed',         '03001234573', 'password123',   '3520112345731', 'user'),
('urwa.hocane@gmail.com',         'Urwa Hocane',          '03011234573', 'password123',   '3520112345732', 'user'),
('shadab.hassan@gmail.com',       'Shadab Hassan',        '03021234573', 'password123',   '3520112345733', 'user'),
('kubra.khan@gmail.com',          'Kubra Khan',           '03031234573', 'password123',   '3520112345734', 'user'),
('haris.mehmood@gmail.com',       'Haris Mehmood',        '03041234573', 'password123',   '3520112345735', 'user'),
('sarah.ahmed@gmail.com',         'Sarah Ahmed',          '03051234573', 'password123',   '3520112345736', 'user'),
('imam.raza@gmail.com',           'Imam Raza',            '03061234573', 'password123',   '3520112345737', 'user'),
('minal.khan@gmail.com',          'Minal Khan',           '03071234573', 'password123',   '3520112345738', 'user'),
('azam.chaudhry@gmail.com',       'Azam Chaudhry',        '03081234573', 'password123',   '3520112345739', 'user'),
('zara.noor@gmail.com',           'Zara Noor',            '03091234573', 'password123',   '3520112345740', 'user'),
('salman.agha@gmail.com',         'Salman Agha',          '03001234574', 'password123',   '3520112345741', 'user'),
('momina.bashir@gmail.com',       'Momina Bashir',        '03011234574', 'password123',   '3520112345742', 'user'),
('iftikhar.ahmed@gmail.com',      'Iftikhar Ahmed',       '03021234574', 'password123',   '3520112345743', 'user'),
('aiza.khan@gmail.com',           'Aiza Khan',            '03031234574', 'password123',   '3520112345744', 'user'),
('usama.mir@gmail.com',           'Usama Mir',            '03041234574', 'password123',   '3520112345745', 'user'),
('durefishan.saleem@gmail.com',   'Durefishan Saleem',    '03051234574', 'password123',   '3520112345746', 'user'),
('abrar.hussain@gmail.com',       'Abrar Hussain',        '03061234574', 'password123',   '3520112345747', 'user'),
('saba.qamar@gmail.com',          'Saba Qamar',           '03071234574', 'password123',   '3520112345748', 'user'),
('ali.zafar@gmail.com',           'Ali Zafar',            '03081234574', 'password123',   '3520112345749', 'user'),
('nimra.khan@gmail.com',          'Nimra Khan',           '03091234574', 'password123',   '3520112345750', 'user'),
('asim.azhar@gmail.com',          'Asim Azhar',           '03001234575', 'password123',   '3520112345751', 'user'),
('hareem.farooq@gmail.com',       'Hareem Farooq',        '03011234575', 'password123',   '3520112345752', 'user'),
('atif.aslam@gmail.com',          'Atif Aslam',           '03021234575', 'password123',   '3520112345753', 'user'),
('maryam.nafees@gmail.com',       'Maryam Nafees',        '03031234575', 'password123',   '3520112345754', 'user'),
('rahat.ali@gmail.com',           'Rahat Ali',            '03041234575', 'password123',   '3520112345755', 'user'),
('zara.sheikh@gmail.com',         'Zara Sheikh',          '03051234575', 'password123',   '3520112345756', 'user'),
('qurat.ul.ain@gmail.com',        'Qurat ul Ain',         '03061234575', 'password123',   '3520112345757', 'user'),
('danish.taimoor@gmail.com',      'Danish Taimoor',       '03071234575', 'password123',   '3520112345758', 'user'),
('neelam.muneer@gmail.com',       'Neelam Muneer',        '03081234575', 'password123',   '3520112345759', 'user'),
('zaheer.abbas@gmail.com',        'Zaheer Abbas',         '03091234575', 'password123',   '3520112345760', 'user');


INSERT INTO admin (admin_person_id) VALUES (1);

INSERT INTO merchant (merchant_person_id) VALUES
(2),(3),(4),(5),(6),(7),(8),(9),(10),(11),(12),(13),(14),(15);

INSERT INTO "user" (user_person_id, date_of_birth, gender) VALUES
(16,'1995-03-15','Male'),   (17,'1998-07-22','Female'), (18,'1990-11-10','Male'),
(19,'1992-05-18','Female'), (20,'1988-09-25','Male'),   (21,'1996-01-30','Female'),
(22,'1993-04-12','Male'),   (23,'1997-08-05','Female'), (24,'1991-12-20','Male'),
(25,'1999-06-14','Female'), (26,'1994-02-28','Male'),   (27,'1989-10-17','Female'),
(28,'1995-07-09','Male'),   (29,'1998-03-23','Female'), (30,'1987-11-30','Male'),
(31,'1993-09-11','Female'), (32,'1990-05-04','Male'),   (33,'1996-12-19','Female'),
(34,'1992-08-27','Male'),   (35,'1997-04-06','Female'), (36,'1994-06-15','Male'),
(37,'1991-02-20','Female'), (38,'1988-07-30','Male'),   (39,'1999-11-05','Female'),
(40,'1993-01-18','Male'),   (41,'1996-08-22','Female'), (42,'1990-04-09','Male'),
(43,'1995-12-14','Female'), (44,'1989-06-28','Male'),   (45,'1998-03-03','Female'),
(46,'1992-10-17','Male'),   (47,'1997-07-25','Female'), (48,'1991-05-11','Male'),
(49,'1994-09-06','Female'), (50,'1988-01-29','Male'),   (51,'1996-04-14','Female'),
(52,'1993-11-08','Male'),   (53,'1999-08-19','Female'), (54,'1990-02-23','Male'),
(55,'1995-06-07','Female'), (56,'1992-12-31','Male'),   (57,'1997-10-15','Female'),
(58,'1991-07-02','Male'),   (59,'1994-03-27','Female'), (60,'1988-11-12','Male'),
(61,'1996-05-20','Female'), (62,'1993-02-08','Male'),   (63,'1999-09-24','Female'),
(64,'1990-06-16','Male'),   (65,'1995-01-04','Female'), (66,'1992-07-19','Male'),
(67,'1997-04-30','Female'), (68,'1991-11-13','Male'),   (69,'1994-08-07','Female'),
(70,'1988-03-22','Male'),   (71,'1996-10-10','Female'), (72,'1993-06-26','Male'),
(73,'1999-01-17','Female'), (74,'1990-08-04','Male'),   (75,'1995-04-21','Female'),
(76,'1992-11-09','Male'),   (77,'1997-07-14','Female'), (78,'1991-02-28','Male'),
(79,'1994-09-19','Female'), (80,'1988-05-06','Male'),   (81,'1996-12-23','Female'),
(82,'1993-03-11','Male'),   (83,'1999-10-28','Female'), (84,'1990-07-15','Male'),
(85,'1995-04-02','Female'), (86,'1992-01-20','Male'),   (87,'1997-08-08','Female'),
(88,'1991-05-25','Male'),   (89,'1994-11-12','Female'), (90,'1988-02-07','Male'),
(91,'1996-09-21','Female'), (92,'1993-06-05','Male'),   (93,'1999-03-18','Female'),
(94,'1990-10-31','Male'),   (95,'1995-07-16','Female'), (96,'1992-04-03','Male'),
(97,'1997-11-27','Female'), (98,'1991-08-14','Male'),   (99,'1994-05-29','Female'),
(100,'1988-12-17','Male');

INSERT INTO wallet (current_amount, wallet_account, person_id) VALUES
(500000.00,'1000000000000001',1),
(80000.00, '1000000000000002',2),
(95000.00, '1000000000000003',3),
(70000.00, '1000000000000004',4),
(60000.00, '1000000000000005',5),
(85000.00, '1000000000000006',6),
(75000.00, '1000000000000007',7),
(90000.00, '1000000000000008',8),
(65000.00, '1000000000000009',9),
(72000.00, '1000000000000010',10),
(88000.00, '1000000000000011',11),
(55000.00, '1000000000000012',12),
(92000.00, '1000000000000013',13),
(68000.00, '1000000000000014',14),
(78000.00, '1000000000000015',15),
(25000.00, '1000000000000016',16),
(18000.00, '1000000000000017',17),
(32000.00, '1000000000000018',18),
(15000.00, '1000000000000019',19),
(40000.00, '1000000000000020',20),
(22000.00, '1000000000000021',21),
(28000.00, '1000000000000022',22),
(35000.00, '1000000000000023',23),
(12000.00, '1000000000000024',24),
(45000.00, '1000000000000025',25),
(19000.00, '1000000000000026',26),
(38000.00, '1000000000000027',27),
(27000.00, '1000000000000028',28),
(16000.00, '1000000000000029',29),
(50000.00, '1000000000000030',30),
(23000.00, '1000000000000031',31),
(31000.00, '1000000000000032',32),
(14000.00, '1000000000000033',33),
(42000.00, '1000000000000034',34),
(20000.00, '1000000000000035',35),
(33000.00, '1000000000000036',36),
(17000.00, '1000000000000037',37),
(29000.00, '1000000000000038',38),
(11000.00, '1000000000000039',39),
(44000.00, '1000000000000040',40),
(26000.00, '1000000000000041',41),
(36000.00, '1000000000000042',42),
(13000.00, '1000000000000043',43),
(48000.00, '1000000000000044',44),
(21000.00, '1000000000000045',45),
(30000.00, '1000000000000046',46),
(24000.00, '1000000000000047',47),
(37000.00, '1000000000000048',48),
(10000.00, '1000000000000049',49),
(43000.00, '1000000000000050',50),
(18500.00, '1000000000000051',51),
(34000.00, '1000000000000052',52),
(16500.00, '1000000000000053',53),
(41000.00, '1000000000000054',54),
(22500.00, '1000000000000055',55),
(39000.00, '1000000000000056',56),
(15500.00, '1000000000000057',57),
(46000.00, '1000000000000058',58),
(19500.00, '1000000000000059',59),
(28500.00, '1000000000000060',60),
(32500.00, '1000000000000061',61),
(11500.00, '1000000000000062',62),
(47000.00, '1000000000000063',63),
(25500.00, '1000000000000064',64),
(35500.00, '1000000000000065',65),
(13500.00, '1000000000000066',66),
(49000.00, '1000000000000067',67),
(20500.00, '1000000000000068',68),
(30500.00, '1000000000000069',69),
(24500.00, '1000000000000070',70),
(36500.00, '1000000000000071',71),
(12500.00, '1000000000000072',72),
(45500.00, '1000000000000073',73),
(21500.00, '1000000000000074',74),
(33500.00, '1000000000000075',75),
(17500.00, '1000000000000076',76),
(40500.00, '1000000000000077',77),
(14500.00, '1000000000000078',78),
(43500.00, '1000000000000079',79),
(23500.00, '1000000000000080',80),
(37500.00, '1000000000000081',81),
(16000.00, '1000000000000082',82),
(48500.00, '1000000000000083',83),
(26500.00, '1000000000000084',84),
(38500.00, '1000000000000085',85),
(11000.00, '1000000000000086',86),
(44500.00, '1000000000000087',87),
(19000.00, '1000000000000088',88),
(29500.00, '1000000000000089',89),
(34500.00, '1000000000000090',90),
(12000.00, '1000000000000091',91),
(46500.00, '1000000000000092',92),
(22000.00, '1000000000000093',93),
(31500.00, '1000000000000094',94),
(15000.00, '1000000000000095',95),
(42500.00, '1000000000000096',96),
(27500.00, '1000000000000097',97),
(39500.00, '1000000000000098',98),
(13000.00, '1000000000000099',99),
(47500.00, '1000000000000100',100);

INSERT INTO telecom_service (service_name, company_account) VALUES
('Jazz',    '2000000000000001'),
('Telenor', '2000000000000002'),
('Zong',    '2000000000000003'),
('Ufone',   '2000000000000004'),
('SCOM',    '2000000000000005');

INSERT INTO rank (rank_name, min_transaction, max_transaction, min_amount, max_amount) VALUES
('Bronze',    0,   10,     0.00,  5000.00),
('Silver',   11,   25,     0.00, 15000.00),
('Gold',     26,   50,     0.00, 30000.00),
('Platinum', 51,  100,     0.00, 50000.00),
('Diamond', 101,  999,     0.00, 99999.00);

INSERT INTO "transaction" (sender_wallet_id, receiver_wallet_id, amount_sent, amount_received, timestamp_sender, timestamp_receiver) VALUES
(16,17,  500.00,  500.00, '2025-01-05 10:00:00','2025-01-05 10:00:05'),
(17,18, 1000.00, 1000.00, '2025-01-05 11:00:00','2025-01-05 11:00:05'),
(18,19,  750.00,  750.00, '2025-01-05 12:00:00','2025-01-05 12:00:05'),
(19,20, 2000.00, 2000.00, '2025-01-06 09:00:00','2025-01-06 09:00:05'),
(20,21,  300.00,  300.00, '2025-01-06 10:00:00','2025-01-06 10:00:05'),
(21,22, 1500.00, 1500.00, '2025-01-06 11:00:00','2025-01-06 11:00:05'),
(22,23,  800.00,  800.00, '2025-01-07 09:00:00','2025-01-07 09:00:05'),
(23,24, 2500.00, 2500.00, '2025-01-07 10:00:00','2025-01-07 10:00:05'),
(24,25,  600.00,  600.00, '2025-01-07 11:00:00','2025-01-07 11:00:05'),
(25,26, 1200.00, 1200.00, '2025-01-08 09:00:00','2025-01-08 09:00:05'),
(26,27,  400.00,  400.00, '2025-01-08 10:00:00','2025-01-08 10:00:05'),
(27,28,  900.00,  900.00, '2025-01-08 11:00:00','2025-01-08 11:00:05'),
(28,29, 1800.00, 1800.00, '2025-01-09 09:00:00','2025-01-09 09:00:05'),
(29,30,  700.00,  700.00, '2025-01-09 10:00:00','2025-01-09 10:00:05'),
(30,31, 3000.00, 3000.00, '2025-01-09 11:00:00','2025-01-09 11:00:05'),
(31,32,  550.00,  550.00, '2025-01-10 09:00:00','2025-01-10 09:00:05'),
(32,33, 2200.00, 2200.00, '2025-01-10 10:00:00','2025-01-10 10:00:05'),
(33,34,  850.00,  850.00, '2025-01-10 11:00:00','2025-01-10 11:00:05'),
(34,35, 1600.00, 1600.00, '2025-01-11 09:00:00','2025-01-11 09:00:05'),
(35,36,  450.00,  450.00, '2025-01-11 10:00:00','2025-01-11 10:00:05'),
(36,37, 1100.00, 1100.00, '2025-01-11 11:00:00','2025-01-11 11:00:05'),
(37,38,  650.00,  650.00, '2025-01-12 09:00:00','2025-01-12 09:00:05'),
(38,39, 1900.00, 1900.00, '2025-01-12 10:00:00','2025-01-12 10:00:05'),
(39,40,  350.00,  350.00, '2025-01-12 11:00:00','2025-01-12 11:00:05'),
(40,41, 2700.00, 2700.00, '2025-01-13 09:00:00','2025-01-13 09:00:05'),
(41,42, 1300.00, 1300.00, '2025-01-13 10:00:00','2025-01-13 10:00:05'),
(42,43,  500.00,  500.00, '2025-01-13 11:00:00','2025-01-13 11:00:05'),
(43,44, 2000.00, 2000.00, '2025-01-14 09:00:00','2025-01-14 09:00:05'),
(44,45,  750.00,  750.00, '2025-01-14 10:00:00','2025-01-14 10:00:05'),
(45,46, 1400.00, 1400.00, '2025-01-14 11:00:00','2025-01-14 11:00:05'),
(16,2,  1200.00, 1200.00, '2025-01-15 09:00:00','2025-01-15 09:00:05'),
(17,3,   800.00,  800.00, '2025-01-15 10:00:00','2025-01-15 10:00:05'),
(18,4,  2500.00, 2500.00, '2025-01-15 11:00:00','2025-01-15 11:00:05'),
(19,5,   500.00,  500.00, '2025-01-16 09:00:00','2025-01-16 09:00:05'),
(20,6,  1800.00, 1800.00, '2025-01-16 10:00:00','2025-01-16 10:00:05'),
(21,7,   900.00,  900.00, '2025-01-16 11:00:00','2025-01-16 11:00:05'),
(22,8,  3000.00, 3000.00, '2025-01-17 09:00:00','2025-01-17 09:00:05'),
(23,9,   600.00,  600.00, '2025-01-17 10:00:00','2025-01-17 10:00:05'),
(24,10, 2200.00, 2200.00, '2025-01-17 11:00:00','2025-01-17 11:00:05'),
(25,11,  400.00,  400.00, '2025-01-18 09:00:00','2025-01-18 09:00:05'),
(26,12, 1500.00, 1500.00, '2025-01-18 10:00:00','2025-01-18 10:00:05'),
(27,13,  700.00,  700.00, '2025-01-18 11:00:00','2025-01-18 11:00:05'),
(28,14, 1900.00, 1900.00, '2025-01-19 09:00:00','2025-01-19 09:00:05'),
(29,15, 1100.00, 1100.00, '2025-01-19 10:00:00','2025-01-19 10:00:05'),
(30,2,  2400.00, 2400.00, '2025-01-19 11:00:00','2025-01-19 11:00:05'),
(46,47, 1000.00, 1000.00, '2025-01-20 09:00:00','2025-01-20 09:00:05'),
(47,48,  600.00,  600.00, '2025-01-20 10:00:00','2025-01-20 10:00:05'),
(48,49, 1700.00, 1700.00, '2025-01-20 11:00:00','2025-01-20 11:00:05'),
(49,50,  300.00,  300.00, '2025-01-21 09:00:00','2025-01-21 09:00:05'),
(50,51, 2100.00, 2100.00, '2025-01-21 10:00:00','2025-01-21 10:00:05'),
(51,52,  800.00,  800.00, '2025-01-21 11:00:00','2025-01-21 11:00:05'),
(52,53, 1300.00, 1300.00, '2025-01-22 09:00:00','2025-01-22 09:00:05'),
(53,54,  500.00,  500.00, '2025-01-22 10:00:00','2025-01-22 10:00:05'),
(54,55, 2800.00, 2800.00, '2025-01-22 11:00:00','2025-01-22 11:00:05'),
(55,56,  400.00,  400.00, '2025-01-23 09:00:00','2025-01-23 09:00:05'),
(56,57, 1600.00, 1600.00, '2025-01-23 10:00:00','2025-01-23 10:00:05'),
(57,58,  900.00,  900.00, '2025-01-23 11:00:00','2025-01-23 11:00:05'),
(58,59, 2300.00, 2300.00, '2025-01-24 09:00:00','2025-01-24 09:00:05'),
(59,60,  700.00,  700.00, '2025-01-24 10:00:00','2025-01-24 10:00:05'),
(60,61, 1400.00, 1400.00, '2025-01-24 11:00:00','2025-01-24 11:00:05'),
(61,62,  550.00,  550.00, '2025-01-25 09:00:00','2025-01-25 09:00:05'),
(62,63, 1800.00, 1800.00, '2025-01-25 10:00:00','2025-01-25 10:00:05'),
(63,64, 1200.00, 1200.00, '2025-01-25 11:00:00','2025-01-25 11:00:05'),
(64,65,  850.00,  850.00, '2025-01-26 09:00:00','2025-01-26 09:00:05'),
(65,66, 2600.00, 2600.00, '2025-01-26 10:00:00','2025-01-26 10:00:05'),
(66,67,  350.00,  350.00, '2025-01-26 11:00:00','2025-01-26 11:00:05'),
(67,68, 1500.00, 1500.00, '2025-01-27 09:00:00','2025-01-27 09:00:05'),
(68,69,  650.00,  650.00, '2025-01-27 10:00:00','2025-01-27 10:00:05'),
(69,70, 2000.00, 2000.00, '2025-01-27 11:00:00','2025-01-27 11:00:05'),
(70,71, 1100.00, 1100.00, '2025-01-28 09:00:00','2025-01-28 09:00:05'),
(71,72,  750.00,  750.00, '2025-01-28 10:00:00','2025-01-28 10:00:05'),
(72,73, 1900.00, 1900.00, '2025-01-28 11:00:00','2025-01-28 11:00:05'),
(73,74,  450.00,  450.00, '2025-01-29 09:00:00','2025-01-29 09:00:05'),
(74,75, 2400.00, 2400.00, '2025-01-29 10:00:00','2025-01-29 10:00:05'),
(75,76, 1000.00, 1000.00, '2025-01-29 11:00:00','2025-01-29 11:00:05'),
(76,77,  600.00,  600.00, '2025-01-30 09:00:00','2025-01-30 09:00:05'),
(77,78, 1700.00, 1700.00, '2025-01-30 10:00:00','2025-01-30 10:00:05'),
(78,79,  800.00,  800.00, '2025-01-30 11:00:00','2025-01-30 11:00:05'),
(79,80, 2200.00, 2200.00, '2025-02-01 09:00:00','2025-02-01 09:00:05'),
(80,81, 1350.00, 1350.00, '2025-02-01 10:00:00','2025-02-01 10:00:05');

INSERT INTO notification (receiver_id, notification_timestamp) VALUES

(16,'2025-01-05 10:00:06'),(17,'2025-01-05 10:00:06'),

(17,'2025-01-05 11:00:06'),(18,'2025-01-05 11:00:06'),

(18,'2025-01-05 12:00:06'),(19,'2025-01-05 12:00:06'),

(19,'2025-01-06 09:00:06'),(20,'2025-01-06 09:00:06'),

(20,'2025-01-06 10:00:06'),(21,'2025-01-06 10:00:06'),

(21,'2025-01-06 11:00:06'),(22,'2025-01-06 11:00:06'),

(22,'2025-01-07 09:00:06'),(23,'2025-01-07 09:00:06'),

(23,'2025-01-07 10:00:06'),(24,'2025-01-07 10:00:06'),

(24,'2025-01-07 11:00:06'),(25,'2025-01-07 11:00:06'),

(25,'2025-01-08 09:00:06'),(26,'2025-01-08 09:00:06'),

(26,'2025-01-08 10:00:06'),(27,'2025-01-08 10:00:06'),

(27,'2025-01-08 11:00:06'),(28,'2025-01-08 11:00:06'),

(28,'2025-01-09 09:00:06'),(29,'2025-01-09 09:00:06'),

(29,'2025-01-09 10:00:06'),(30,'2025-01-09 10:00:06'),

(30,'2025-01-09 11:00:06'),(31,'2025-01-09 11:00:06'),

(31,'2025-01-10 09:00:06'),(32,'2025-01-10 09:00:06'),

(32,'2025-01-10 10:00:06'),(33,'2025-01-10 10:00:06'),

(33,'2025-01-10 11:00:06'),(34,'2025-01-10 11:00:06'),

(34,'2025-01-11 09:00:06'),(35,'2025-01-11 09:00:06'),

(35,'2025-01-11 10:00:06'),(36,'2025-01-11 10:00:06'),

(36,'2025-01-11 11:00:06'),(37,'2025-01-11 11:00:06'),

(37,'2025-01-12 09:00:06'),(38,'2025-01-12 09:00:06'),

(38,'2025-01-12 10:00:06'),(39,'2025-01-12 10:00:06'),

(39,'2025-01-12 11:00:06'),(40,'2025-01-12 11:00:06'),

(40,'2025-01-13 09:00:06'),(41,'2025-01-13 09:00:06'),

(41,'2025-01-13 10:00:06'),(42,'2025-01-13 10:00:06'),

(42,'2025-01-13 11:00:06'),(43,'2025-01-13 11:00:06'),

(43,'2025-01-14 09:00:06'),(44,'2025-01-14 09:00:06'),

(44,'2025-01-14 10:00:06'),(45,'2025-01-14 10:00:06'),

(45,'2025-01-14 11:00:06'),(46,'2025-01-14 11:00:06'),

(16,'2025-01-15 09:00:06'),(2, '2025-01-15 09:00:06'),

(17,'2025-01-15 10:00:06'),(3, '2025-01-15 10:00:06'),

(18,'2025-01-15 11:00:06'),(4, '2025-01-15 11:00:06'),

(19,'2025-01-16 09:00:06'),(5, '2025-01-16 09:00:06'),

(20,'2025-01-16 10:00:06'),(6, '2025-01-16 10:00:06'),

(21,'2025-01-16 11:00:06'),(7, '2025-01-16 11:00:06'),

(22,'2025-01-17 09:00:06'),(8, '2025-01-17 09:00:06'),

(23,'2025-01-17 10:00:06'),(9, '2025-01-17 10:00:06'),

(24,'2025-01-17 11:00:06'),(10,'2025-01-17 11:00:06'),

(25,'2025-01-18 09:00:06'),(11,'2025-01-18 09:00:06'),

(26,'2025-01-18 10:00:06'),(12,'2025-01-18 10:00:06'),

(27,'2025-01-18 11:00:06'),(13,'2025-01-18 11:00:06'),

(28,'2025-01-19 09:00:06'),(14,'2025-01-19 09:00:06'),

(29,'2025-01-19 10:00:06'),(15,'2025-01-19 10:00:06'),

(30,'2025-01-19 11:00:06'),(2, '2025-01-19 11:00:06'),

(46,'2025-01-20 09:00:06'),(47,'2025-01-20 09:00:06'),

(47,'2025-01-20 10:00:06'),(48,'2025-01-20 10:00:06'),

(48,'2025-01-20 11:00:06'),(49,'2025-01-20 11:00:06'),

(49,'2025-01-21 09:00:06'),(50,'2025-01-21 09:00:06'),

(50,'2025-01-21 10:00:06'),(51,'2025-01-21 10:00:06'),

(51,'2025-01-21 11:00:06'),(52,'2025-01-21 11:00:06'),

(52,'2025-01-22 09:00:06'),(53,'2025-01-22 09:00:06'),

(53,'2025-01-22 10:00:06'),(54,'2025-01-22 10:00:06'),

(54,'2025-01-22 11:00:06'),(55,'2025-01-22 11:00:06'),

(55,'2025-01-23 09:00:06'),(56,'2025-01-23 09:00:06'),

(56,'2025-01-23 10:00:06'),(57,'2025-01-23 10:00:06'),

(57,'2025-01-23 11:00:06'),(58,'2025-01-23 11:00:06'),

(58,'2025-01-24 09:00:06'),(59,'2025-01-24 09:00:06'),

(59,'2025-01-24 10:00:06'),(60,'2025-01-24 10:00:06'),

(60,'2025-01-24 11:00:06'),(61,'2025-01-24 11:00:06'),

(61,'2025-01-25 09:00:06'),(62,'2025-01-25 09:00:06'),

(62,'2025-01-25 10:00:06'),(63,'2025-01-25 10:00:06'),

(63,'2025-01-25 11:00:06'),(64,'2025-01-25 11:00:06'),

(64,'2025-01-26 09:00:06'),(65,'2025-01-26 09:00:06'),

(65,'2025-01-26 10:00:06'),(66,'2025-01-26 10:00:06'),

(66,'2025-01-26 11:00:06'),(67,'2025-01-26 11:00:06'),

(67,'2025-01-27 09:00:06'),(68,'2025-01-27 09:00:06'),

(68,'2025-01-27 10:00:06'),(69,'2025-01-27 10:00:06'),

(69,'2025-01-27 11:00:06'),(70,'2025-01-27 11:00:06'),

(70,'2025-01-28 09:00:06'),(71,'2025-01-28 09:00:06'),

(71,'2025-01-28 10:00:06'),(72,'2025-01-28 10:00:06'),

(72,'2025-01-28 11:00:06'),(73,'2025-01-28 11:00:06'),

(73,'2025-01-29 09:00:06'),(74,'2025-01-29 09:00:06'),

(74,'2025-01-29 10:00:06'),(75,'2025-01-29 10:00:06'),

(75,'2025-01-29 11:00:06'),(76,'2025-01-29 11:00:06'),

(76,'2025-01-30 09:00:06'),(77,'2025-01-30 09:00:06'),

(77,'2025-01-30 10:00:06'),(78,'2025-01-30 10:00:06'),

(78,'2025-01-30 11:00:06'),(79,'2025-01-30 11:00:06'),

(79,'2025-02-01 09:00:06'),(80,'2025-02-01 09:00:06'),

(80,'2025-02-01 10:00:06'),(81,'2025-02-01 10:00:06');
INSERT INTO transaction_notification (transaction_id, notification_id) VALUES
(1,1),(1,2),
(2,3),(2,4),
(3,5),(3,6),
(4,7),(4,8),
(5,9),(5,10),
(6,11),(6,12),
(7,13),(7,14),
(8,15),(8,16),
(9,17),(9,18),
(10,19),(10,20),
(11,21),(11,22),
(12,23),(12,24),
(13,25),(13,26),
(14,27),(14,28),
(15,29),(15,30),
(16,31),(16,32),
(17,33),(17,34),
(18,35),(18,36),
(19,37),(19,38),
(20,39),(20,40),
(21,41),(21,42),
(22,43),(22,44),
(23,45),(23,46),
(24,47),(24,48),
(25,49),(25,50),
(26,51),(26,52),
(27,53),(27,54),
(28,55),(28,56),
(29,57),(29,58),
(30,59),(30,60),
(31,61),(31,62),
(32,63),(32,64),
(33,65),(33,66),
(34,67),(34,68),
(35,69),(35,70),
(36,71),(36,72),
(37,73),(37,74),
(38,75),(38,76),
(39,77),(39,78),
(40,79),(40,80),
(41,81),(41,82),
(42,83),(42,84),
(43,85),(43,86),
(44,87),(44,88),
(45,89),(45,90),
(46,91),(46,92),
(47,93),(47,94),
(48,95),(48,96),
(49,97),(49,98),
(50,99),(50,100),
(51,101),(51,102),
(52,103),(52,104),
(53,105),(53,106),
(54,107),(54,108),
(55,109),(55,110),
(56,111),(56,112),
(57,113),(57,114),
(58,115),(58,116),
(59,117),(59,118),
(60,119),(60,120),
(61,121),(61,122),
(62,123),(62,124),
(63,125),(63,126),
(64,127),(64,128),
(65,129),(65,130),
(66,131),(66,132),
(67,133),(67,134),
(68,135),(68,136),
(69,137),(69,138),
(70,139),(70,140),
(71,141),(71,142),
(72,143),(72,144),
(73,145),(73,146),
(74,147),(74,148),
(75,149),(75,150),
(76,151),(76,152),
(77,153),(77,154),
(78,155),(78,156),
(79,157),(79,158),
(80,159),(80,160);

INSERT INTO bill_payment (wallet_id, amount, consumer_account_no) VALUES
(16, 1500.00,'3000000000000001'),(17, 2000.00,'3000000000000002'),
(18,  800.00,'3000000000000003'),(19, 1200.00,'3000000000000004'),
(20,  500.00,'3000000000000005'),(21, 1800.00,'3000000000000006'),
(22,  950.00,'3000000000000007'),(23, 2500.00,'3000000000000008'),
(24,  700.00,'3000000000000009'),(25, 1600.00,'3000000000000010'),
(26,  400.00,'3000000000000011'),(27, 1100.00,'3000000000000012'),
(28, 3000.00,'3000000000000013'),(29,  600.00,'3000000000000014'),
(30, 2200.00,'3000000000000015'),(31,  850.00,'3000000000000016'),
(32, 1700.00,'3000000000000017'),(33,  450.00,'3000000000000018'),
(34, 1300.00,'3000000000000019'),(35,  900.00,'3000000000000020'),
(36, 1400.00,'3000000000000021'),(37, 2100.00,'3000000000000022'),
(38,  750.00,'3000000000000023'),(39, 1950.00,'3000000000000024'),
(40,  550.00,'3000000000000025'),(41, 2300.00,'3000000000000026'),
(42, 1050.00,'3000000000000027'),(43, 1750.00,'3000000000000028'),
(44,  650.00,'3000000000000029'),(45, 2800.00,'3000000000000030'),
(46,  350.00,'3000000000000031'),(47, 1650.00,'3000000000000032'),
(48,  950.00,'3000000000000033'),(49, 2050.00,'3000000000000034'),
(50,  500.00,'3000000000000035'),(51, 1250.00,'3000000000000036'),
(52, 2700.00,'3000000000000037'),(53,  800.00,'3000000000000038'),
(54, 1500.00,'3000000000000039'),(55,  600.00,'3000000000000040'),
(56, 2400.00,'3000000000000041'),(57,  700.00,'3000000000000042'),
(58, 1800.00,'3000000000000043'),(59,  450.00,'3000000000000044'),
(60, 1100.00,'3000000000000045'),(61, 2600.00,'3000000000000046'),
(62,  350.00,'3000000000000047'),(63, 1400.00,'3000000000000048'),
(64,  900.00,'3000000000000049'),(65, 2000.00,'3000000000000050');

INSERT INTO revenue (month, year, amount, admin_person_id) VALUES
(1,  2025, 150000.00, 1),(2,  2025, 175000.00, 1),
(3,  2025, 200000.00, 1),(4,  2025, 185000.00, 1),
(5,  2025, 210000.00, 1),(6,  2025, 195000.00, 1),
(7,  2025, 220000.00, 1),(8,  2025, 230000.00, 1),
(9,  2025, 205000.00, 1),(10, 2025, 215000.00, 1),
(11, 2025, 240000.00, 1),(12, 2025, 260000.00, 1);

INSERT INTO promotion (merchant_person_id, admin_person_id, promotion_cost, duration, promotional_advertisement) VALUES
(2,  1, 5000.00, 30, 'Order from FoodPanda and get 20% cashback on your next order!'),
(3,  1, 8000.00, 15, 'Shop on Daraz with EasyPaisa and get free delivery on all orders!'),
(4,  1, 6000.00, 20, 'Enjoy a free Zinger at KFC when you pay with your wallet!'),
(5,  1, 4000.00, 10, 'Fill up at PSO and get 5% cashback directly to your wallet!'),
(6,  1, 7000.00, 25, 'Ride with Careem and save 15% on every trip this month!'),
(7,  1, 5500.00, 30, 'Book a Goto ride and get your first ride absolutely free!'),
(8,  1, 9000.00, 20, 'Uber is offering 30% off on your next 3 rides. Pay with wallet!'),
(9,  1, 6500.00, 15, 'McDonalds Happy Meal deal - save Rs200 every weekend with wallet!'),
(10, 1, 7500.00, 10, 'Pizza Hut Tuesday deal - buy one get one free with wallet payment!'),
(11, 1, 4500.00, 30, 'Alibaba flash sale - extra 10% off when you pay via wallet!'),
(12, 1, 6000.00, 20, 'Metro Cash Carry bulk discount - save Rs500 on orders above Rs5000!'),
(13, 1, 5000.00, 15, 'Imtiaz Superstore weekend special - free home delivery above Rs2000!'),
(14, 1, 7000.00, 25, 'Chase Up Store - get Rs300 cashback on every purchase above Rs3000!'),
(15, 1, 8000.00, 30, 'Limelight Fashion - flat 25% off on all summer collection with wallet!');

INSERT INTO rank_of_users (person_id, rank_id, no_of_transaction) VALUES
(16,2,15),(17,2,18),(18,1,7),(19,3,30),(20,1,5),
(21,2,20),(22,1,9),(23,4,65),(24,2,12),(25,3,40),
(26,1,3),(27,2,22),(28,3,35),(29,1,8),(30,4,75),
(31,2,14),(32,3,45),(33,1,6),(34,2,19),(35,3,28),
(36,1,4),(37,2,16),(38,1,2),(39,3,32),(40,2,11),
(41,4,55),(42,1,8),(43,3,38),(44,2,13),(45,1,5),
(46,3,27),(47,2,17),(48,1,7),(49,4,60),(50,2,21),
(51,1,4),(52,3,33),(53,2,15),(54,1,6),(55,4,70),
(56,2,23),(57,1,9),(58,3,42),(59,2,18),(60,1,3),
(61,4,80),(62,2,24),(63,3,36),(64,1,8),(65,2,20),
(66,1,5),(67,3,29),(68,2,16),(69,1,7),(70,4,90),
(71,2,25),(72,1,4),(73,3,31),(74,2,14),(75,4,68),
(76,1,6),(77,2,22),(78,3,37),(79,1,9),(80,4,85),
(81,2,19),(82,1,3),(83,3,43),(84,2,17),(85,4,72),
(86,1,5),(87,2,21),(88,3,34),(89,1,8),(90,4,95),
(91,2,16),(92,1,4),(93,3,39),(94,2,13),(95,4,62),
(96,1,7),(97,2,20),(98,3,44),(99,1,6),(100,5,110);

INSERT INTO debit_cards (card_number, person_user_id, cvv, registered_date, expiry_date, card_fee) VALUES
('4000000000000016',16,'101','2022-01-15','2027-01-15',500.00),
('4000000000000017',17,'102','2021-06-20','2026-06-20',500.00),
('4000000000000018',18,'103','2023-03-10','2028-03-10',500.00),
('4000000000000019',19,'104','2022-09-05','2027-09-05',500.00),
('4000000000000020',20,'105','2021-12-01','2026-12-01',500.00),
('4000000000000021',21,'106','2023-07-18','2028-07-18',500.00),
('4000000000000022',22,'107','2022-04-22','2027-04-22',500.00),
('4000000000000023',23,'108','2021-08-30','2026-08-30',500.00),
('4000000000000024',24,'109','2023-01-14','2028-01-14',500.00),
('4000000000000025',25,'110','2022-11-25','2027-11-25',500.00),
('4000000000000026',26,'111','2021-05-09','2026-05-09',500.00),
('4000000000000027',27,'112','2023-09-03','2028-09-03',500.00),
('4000000000000028',28,'113','2022-02-17','2027-02-17',500.00),
('4000000000000029',29,'114','2021-10-28','2026-10-28',500.00),
('4000000000000030',30,'115','2023-06-12','2028-06-12',500.00),
('4000000000000031',31,'116','2022-07-04','2027-07-04',500.00),
('4000000000000032',32,'117','2021-03-19','2026-03-19',500.00),
('4000000000000033',33,'118','2023-11-08','2028-11-08',500.00),
('4000000000000034',34,'119','2022-05-23','2027-05-23',500.00),
('4000000000000035',35,'120','2021-09-16','2026-09-16',500.00),
('4000000000000036',36,'121','2022-08-11','2027-08-11',500.00),
('4000000000000037',37,'122','2023-04-25','2028-04-25',500.00),
('4000000000000038',38,'123','2021-11-30','2026-11-30',500.00),
('4000000000000039',39,'124','2022-03-07','2027-03-07',500.00),
('4000000000000040',40,'125','2023-10-19','2028-10-19',500.00),
('4000000000000041',41,'126','2021-07-14','2026-07-14',500.00),
('4000000000000042',42,'127','2022-12-28','2027-12-28',500.00),
('4000000000000043',43,'128','2023-05-06','2028-05-06',500.00),
('4000000000000044',44,'129','2021-02-21','2026-02-21',500.00),
('4000000000000045',45,'130','2022-10-15','2027-10-15',500.00),
('4000000000000046',46,'131','2023-08-29','2028-08-29',500.00),
('4000000000000047',47,'132','2021-04-13','2026-04-13',500.00),
('4000000000000048',48,'133','2022-06-27','2027-06-27',500.00),
('4000000000000049',49,'134','2023-02-10','2028-02-10',500.00),
('4000000000000050',50,'135','2021-12-24','2026-12-24',500.00),
('4000000000000051',51,'136','2022-09-08','2027-09-08',500.00),
('4000000000000052',52,'137','2023-07-22','2028-07-22',500.00),
('4000000000000053',53,'138','2021-03-05','2026-03-05',500.00),
('4000000000000054',54,'139','2022-11-19','2027-11-19',500.00),
('4000000000000055',55,'140','2023-06-03','2028-06-03',500.00),
('4000000000000056',56,'141','2021-08-17','2026-08-17',500.00),
('4000000000000057',57,'142','2022-04-01','2027-04-01',500.00),
('4000000000000058',58,'143','2023-12-15','2028-12-15',500.00),
('4000000000000059',59,'144','2021-06-29','2026-06-29',500.00),
('4000000000000060',60,'145','2022-02-12','2027-02-12',500.00),
('4000000000000061',61,'146','2023-10-26','2028-10-26',500.00),
('4000000000000062',62,'147','2021-05-10','2026-05-10',500.00),
('4000000000000063',63,'148','2022-07-24','2027-07-24',500.00),
('4000000000000064',64,'149','2023-03-08','2028-03-08',500.00),
('4000000000000065',65,'150','2021-11-21','2026-11-21',500.00),
('4000000000000066',66,'151','2022-08-05','2027-08-05',500.00),
('4000000000000067',67,'152','2023-04-19','2028-04-19',500.00),
('4000000000000068',68,'153','2021-10-03','2026-10-03',500.00),
('4000000000000069',69,'154','2022-12-17','2027-12-17',500.00),
('4000000000000070',70,'155','2023-09-01','2028-09-01',500.00),
('4000000000000071',71,'156','2021-07-15','2026-07-15',500.00),
('4000000000000072',72,'157','2022-03-29','2027-03-29',500.00),
('4000000000000073',73,'158','2023-11-12','2028-11-12',500.00),
('4000000000000074',74,'159','2021-04-26','2026-04-26',500.00),
('4000000000000075',75,'160','2022-06-10','2027-06-10',500.00),
('4000000000000076',76,'161','2023-02-23','2028-02-23',500.00),
('4000000000000077',77,'162','2021-09-07','2026-09-07',500.00),
('4000000000000078',78,'163','2022-01-21','2027-01-21',500.00),
('4000000000000079',79,'164','2023-08-04','2028-08-04',500.00),
('4000000000000080',80,'165','2021-12-18','2026-12-18',500.00),
('4000000000000081',81,'166','2022-05-02','2027-05-02',500.00),
('4000000000000082',82,'167','2023-07-16','2028-07-16',500.00),
('4000000000000083',83,'168','2021-02-28','2026-02-28',500.00),
('4000000000000084',84,'169','2022-10-12','2027-10-12',500.00),
('4000000000000085',85,'170','2023-06-25','2028-06-25',500.00),
('4000000000000086',86,'171','2021-03-10','2026-03-10',500.00),
('4000000000000087',87,'172','2022-11-23','2027-11-23',500.00),
('4000000000000088',88,'173','2023-05-07','2028-05-07',500.00),
('4000000000000089',89,'174','2021-08-20','2026-08-20',500.00),
('4000000000000090',90,'175','2022-04-04','2027-04-04',500.00),
('4000000000000091',91,'176','2023-12-18','2028-12-18',500.00),
('4000000000000092',92,'177','2021-06-01','2026-06-01',500.00),
('4000000000000093',93,'178','2022-07-15','2027-07-15',500.00),
('4000000000000094',94,'179','2023-03-29','2028-03-29',500.00),
('4000000000000095',95,'180','2021-11-12','2026-11-12',500.00),
('4000000000000096',96,'181','2022-09-26','2027-09-26',500.00),
('4000000000000097',97,'182','2023-04-10','2028-04-10',500.00),
('4000000000000098',98,'183','2021-10-24','2026-10-24',500.00),
('4000000000000099',99,'184','2022-12-08','2027-12-08',500.00),
('4000000000000100',100,'185','2023-01-21','2028-01-21',500.00);

INSERT INTO mobile_recharge (wallet_id, service_id, amount, recharge_timestamp) VALUES
(16,1,200.00,'2025-01-05 12:00:00'),(17,2,300.00,'2025-01-05 13:00:00'),
(18,3,150.00,'2025-01-05 14:00:00'),(19,4,500.00,'2025-01-06 10:00:00'),
(20,5,100.00,'2025-01-06 11:00:00'),(21,1,250.00,'2025-01-06 12:00:00'),
(22,2,400.00,'2025-01-07 09:00:00'),(23,3,200.00,'2025-01-07 10:00:00'),
(24,4,300.00,'2025-01-07 11:00:00'),(25,5,150.00,'2025-01-08 09:00:00'),
(26,1,500.00,'2025-01-08 10:00:00'),(27,2,100.00,'2025-01-08 11:00:00'),
(28,3,350.00,'2025-01-09 09:00:00'),(29,4,200.00,'2025-01-09 10:00:00'),
(30,5,450.00,'2025-01-09 11:00:00'),(31,1,300.00,'2025-01-10 09:00:00'),
(32,2,150.00,'2025-01-10 10:00:00'),(33,3,500.00,'2025-01-10 11:00:00'),
(34,4,250.00,'2025-01-11 09:00:00'),(35,5,200.00,'2025-01-11 10:00:00'),
(36,1,400.00,'2025-01-11 11:00:00'),(37,2,100.00,'2025-01-12 09:00:00'),
(38,3,300.00,'2025-01-12 10:00:00'),(39,4,150.00,'2025-01-12 11:00:00'),
(40,5,500.00,'2025-01-13 09:00:00'),(41,1,200.00,'2025-01-13 10:00:00'),
(42,2,350.00,'2025-01-13 11:00:00'),(43,3,250.00,'2025-01-14 09:00:00'),
(44,4,450.00,'2025-01-14 10:00:00'),(45,5,100.00,'2025-01-14 11:00:00'),
(46,1,300.00,'2025-01-15 09:00:00'),(47,2,200.00,'2025-01-15 10:00:00'),
(48,3,400.00,'2025-01-15 11:00:00'),(49,4,150.00,'2025-01-16 09:00:00'),
(50,5,500.00,'2025-01-16 10:00:00'),(51,1,250.00,'2025-01-16 11:00:00'),
(52,2,100.00,'2025-01-17 09:00:00'),(53,3,350.00,'2025-01-17 10:00:00'),
(54,4,200.00,'2025-01-17 11:00:00'),(55,5,450.00,'2025-01-18 09:00:00'),
(56,1,300.00,'2025-01-18 10:00:00'),(57,2,150.00,'2025-01-18 11:00:00'),
(58,3,500.00,'2025-01-19 09:00:00'),(59,4,250.00,'2025-01-19 10:00:00'),
(60,5,200.00,'2025-01-19 11:00:00'),(61,1,400.00,'2025-01-20 09:00:00'),
(62,2,100.00,'2025-01-20 10:00:00'),(63,3,300.00,'2025-01-20 11:00:00'),
(64,4,150.00,'2025-01-21 09:00:00'),(65,5,500.00,'2025-01-21 10:00:00'),
(66,1,200.00,'2025-01-21 11:00:00'),(67,2,350.00,'2025-01-22 09:00:00'),
(68,3,250.00,'2025-01-22 10:00:00'),(69,4,450.00,'2025-01-22 11:00:00'),
(70,5,100.00,'2025-01-23 09:00:00'),(71,1,300.00,'2025-01-23 10:00:00'),
(72,2,200.00,'2025-01-23 11:00:00'),(73,3,400.00,'2025-01-24 09:00:00'),
(74,4,150.00,'2025-01-24 10:00:00'),(75,5,500.00,'2025-01-24 11:00:00'),
(76,1,250.00,'2025-01-25 09:00:00'),(77,2,100.00,'2025-01-25 10:00:00'),
(78,3,350.00,'2025-01-25 11:00:00'),(79,4,200.00,'2025-01-26 09:00:00'),
(80,5,450.00,'2025-01-26 10:00:00'),(81,1,300.00,'2025-01-26 11:00:00'),
(82,2,150.00,'2025-01-27 09:00:00'),(83,3,500.00,'2025-01-27 10:00:00'),
(84,4,250.00,'2025-01-27 11:00:00'),(85,5,200.00,'2025-01-28 09:00:00'),
(86,1,400.00,'2025-01-28 10:00:00'),(87,2,100.00,'2025-01-28 11:00:00'),
(88,3,300.00,'2025-01-29 09:00:00'),(89,4,150.00,'2025-01-29 10:00:00'),
(90,5,500.00,'2025-01-29 11:00:00'),(91,1,200.00,'2025-01-30 09:00:00'),
(92,2,350.00,'2025-01-30 10:00:00'),(93,3,250.00,'2025-01-30 11:00:00'),
(94,4,450.00,'2025-02-01 09:00:00'),(95,5,100.00,'2025-02-01 10:00:00');

ALTER TABLE "transaction"   ENABLE TRIGGER ALL;
ALTER TABLE bill_payment     ENABLE TRIGGER ALL;
ALTER TABLE mobile_recharge  ENABLE TRIGGER ALL;
ALTER TABLE debit_cards      ENABLE TRIGGER ALL;
ALTER TABLE promotion        ENABLE TRIGGER ALL;
